{
  "total" : 2,
  "items" : [ {
    "uid" : "9a1ed594656d35eef3c8a1f5dec99fb6",
    "name" : "test_02",
    "statistic" : {
      "failed" : 1,
      "broken" : 0,
      "skipped" : 0,
      "passed" : 0,
      "unknown" : 0,
      "total" : 1
    }
  }, {
    "uid" : "3e73aa63bc4423c752ca74871c509e66",
    "name" : "test_01",
    "statistic" : {
      "failed" : 0,
      "broken" : 0,
      "skipped" : 0,
      "passed" : 1,
      "unknown" : 0,
      "total" : 1
    }
  } ]
}