[ {
  "uid" : "66bc3a7d1754adc7",
  "name" : "test_01[1.0-D:\\pythonProject\\pcclient_UI\\testData\\pageData\\acqMain_Page_Data.yaml-D:\\pythonProject\\pcclient_UI\\testData\\pageData\\loginData.yaml-D:\\pythonProject\\pcclient_UI\\testData\\inputData\\login_input_data-Aquarium.Ecg.Client.Shell.exe-D:/NLEMR/RestingECG-D:\\pythonProject\\pcclient_UI\\testFile\\screenshot\\申请诊断成功.png]",
  "time" : {
    "start" : 1632824997670,
    "stop" : 1632825053216,
    "duration" : 55546
  },
  "status" : "passed",
  "severity" : "normal"
}, {
  "uid" : "bc46d5380e8d14b2",
  "name" : "test_02",
  "time" : {
    "start" : 1632825053222,
    "stop" : 1632825053222,
    "duration" : 0
  },
  "status" : "failed",
  "severity" : "normal"
} ]