{
  "5e457e0818becafa4e11a37261aa29b4" : {
    "statistic" : {
      "failed" : 0,
      "broken" : 0,
      "skipped" : 0,
      "passed" : 1,
      "unknown" : 0,
      "total" : 1
    },
    "items" : [ {
      "uid" : "66bc3a7d1754adc7",
      "status" : "passed",
      "time" : {
        "start" : 1632824997670,
        "stop" : 1632825053216,
        "duration" : 55546
      }
    } ]
  },
  "5f4218f27eedaf65f56ba342136d6511" : {
    "statistic" : {
      "failed" : 1,
      "broken" : 0,
      "skipped" : 0,
      "passed" : 0,
      "unknown" : 0,
      "total" : 1
    },
    "items" : [ {
      "uid" : "bc46d5380e8d14b2",
      "status" : "failed",
      "statusDetails" : "AssertionError: assert 1 == 2",
      "time" : {
        "start" : 1632825053222,
        "stop" : 1632825053222,
        "duration" : 0
      }
    } ]
  }
}