{
  "uid" : "b1a8273437954620fa374b796ffaacdd",
  "name" : "behaviors",
  "children" : [ {
    "name" : "test_01",
    "children" : [ {
      "name" : "test_01[1.0-D:\\pythonProject\\pcclient_UI\\testData\\pageData\\acqMain_Page_Data.yaml-D:\\pythonProject\\pcclient_UI\\testData\\pageData\\loginData.yaml-D:\\pythonProject\\pcclient_UI\\testData\\inputData\\login_input_data-Aquarium.Ecg.Client.Shell.exe-D:/NLEMR/RestingECG-D:\\pythonProject\\pcclient_UI\\testFile\\screenshot\\申请诊断成功.png]",
      "uid" : "66bc3a7d1754adc7",
      "parentUid" : "3e73aa63bc4423c752ca74871c509e66",
      "status" : "passed",
      "time" : {
        "start" : 1632824997670,
        "stop" : 1632825053216,
        "duration" : 55546
      },
      "flaky" : false,
      "newFailed" : false,
      "parameters" : [ "'D:\\pythonProject\\pcclient_UI\\testFile\\screenshot\\申请诊断成功.png'", "1.0", "'Aquarium.Ecg.Client.Shell.exe'", "'D:/NLEMR/RestingECG'", "'D:\\pythonProject\\pcclient_UI\\testData\\pageData\\acqMain_Page_Data.yaml'", "'D:\\pythonProject\\pcclient_UI\\testData\\inputData\\login_input_data'", "'D:\\pythonProject\\pcclient_UI\\testData\\pageData\\loginData.yaml'" ]
    } ],
    "uid" : "3e73aa63bc4423c752ca74871c509e66"
  }, {
    "name" : "test_02",
    "children" : [ {
      "name" : "test_02",
      "uid" : "bc46d5380e8d14b2",
      "parentUid" : "9a1ed594656d35eef3c8a1f5dec99fb6",
      "status" : "failed",
      "time" : {
        "start" : 1632825053222,
        "stop" : 1632825053222,
        "duration" : 0
      },
      "flaky" : false,
      "newFailed" : false,
      "parameters" : [ ]
    } ],
    "uid" : "9a1ed594656d35eef3c8a1f5dec99fb6"
  } ]
}