{
  "uid" : "4b4757e66a1912dae1a509f688f20b0f",
  "name" : "categories",
  "children" : [ {
    "name" : "Product defects",
    "children" : [ {
      "name" : "AssertionError: assert 1 == 2",
      "children" : [ {
        "name" : "test_02",
        "uid" : "bc46d5380e8d14b2",
        "parentUid" : "d89f5ad50f342bab320c0753c9baac45",
        "status" : "failed",
        "time" : {
          "start" : 1632825053222,
          "stop" : 1632825053222,
          "duration" : 0
        },
        "flaky" : false,
        "newFailed" : false,
        "parameters" : [ ]
      } ],
      "uid" : "d89f5ad50f342bab320c0753c9baac45"
    } ],
    "uid" : "8fb3a91ba5aaf9de24cc8a92edc82b5d"
  } ]
}