{
  "uid" : "83edc06c07f9ae9e47eb6dd1b683e4e2",
  "name" : "packages",
  "children" : [ {
    "name" : "testCase.test_check_report",
    "children" : [ {
      "name" : "test_01[1.0-D:\\pythonProject\\pcclient_UI\\testData\\pageData\\acqMain_Page_Data.yaml-D:\\pythonProject\\pcclient_UI\\testData\\pageData\\loginData.yaml-D:\\pythonProject\\pcclient_UI\\testData\\inputData\\login_input_data-Aquarium.Ecg.Client.Shell.exe-D:/NLEMR/RestingECG-D:\\pythonProject\\pcclient_UI\\testFile\\screenshot\\申请诊断成功.png]",
      "uid" : "66bc3a7d1754adc7",
      "parentUid" : "d8a01072d6f462dd69e3ce3aadca57a2",
      "status" : "passed",
      "time" : {
        "start" : 1632824997670,
        "stop" : 1632825053216,
        "duration" : 55546
      },
      "flaky" : false,
      "newFailed" : false,
      "parameters" : [ "'D:\\pythonProject\\pcclient_UI\\testFile\\screenshot\\申请诊断成功.png'", "1.0", "'Aquarium.Ecg.Client.Shell.exe'", "'D:/NLEMR/RestingECG'", "'D:\\pythonProject\\pcclient_UI\\testData\\pageData\\acqMain_Page_Data.yaml'", "'D:\\pythonProject\\pcclient_UI\\testData\\inputData\\login_input_data'", "'D:\\pythonProject\\pcclient_UI\\testData\\pageData\\loginData.yaml'" ]
    }, {
      "name" : "test_02",
      "uid" : "bc46d5380e8d14b2",
      "parentUid" : "d8a01072d6f462dd69e3ce3aadca57a2",
      "status" : "failed",
      "time" : {
        "start" : 1632825053222,
        "stop" : 1632825053222,
        "duration" : 0
      },
      "flaky" : false,
      "newFailed" : false,
      "parameters" : [ ]
    } ],
    "uid" : "testCase.test_check_report"
  } ]
}