{
  "uid" : "98d3104e051c652961429bf95fa0b5d6",
  "name" : "suites",
  "children" : [ {
    "name" : "testCase",
    "children" : [ {
      "name" : "test_check_report",
      "children" : [ {
        "name" : "test_01[1.0-D:\\pythonProject\\pcclient_UI\\testData\\pageData\\acqMain_Page_Data.yaml-D:\\pythonProject\\pcclient_UI\\testData\\pageData\\loginData.yaml-D:\\pythonProject\\pcclient_UI\\testData\\inputData\\login_input_data-Aquarium.Ecg.Client.Shell.exe-D:/NLEMR/RestingECG-D:\\pythonProject\\pcclient_UI\\testFile\\screenshot\\申请诊断成功.png]",
        "uid" : "66bc3a7d1754adc7",
        "parentUid" : "5831e1f2ddc586379c151d2bed0f4ded",
        "status" : "passed",
        "time" : {
          "start" : 1632824997670,
          "stop" : 1632825053216,
          "duration" : 55546
        },
        "flaky" : false,
        "newFailed" : false,
        "parameters" : [ "'D:\\pythonProject\\pcclient_UI\\testFile\\screenshot\\申请诊断成功.png'", "1.0", "'Aquarium.Ecg.Client.Shell.exe'", "'D:/NLEMR/RestingECG'", "'D:\\pythonProject\\pcclient_UI\\testData\\pageData\\acqMain_Page_Data.yaml'", "'D:\\pythonProject\\pcclient_UI\\testData\\inputData\\login_input_data'", "'D:\\pythonProject\\pcclient_UI\\testData\\pageData\\loginData.yaml'" ]
      }, {
        "name" : "test_02",
        "uid" : "bc46d5380e8d14b2",
        "parentUid" : "5831e1f2ddc586379c151d2bed0f4ded",
        "status" : "failed",
        "time" : {
          "start" : 1632825053222,
          "stop" : 1632825053222,
          "duration" : 0
        },
        "flaky" : false,
        "newFailed" : false,
        "parameters" : [ ]
      } ],
      "uid" : "5831e1f2ddc586379c151d2bed0f4ded"
    } ],
    "uid" : "d3cf1515650a5ed7a96e23a845f006fa"
  } ]
}