{
  "uid" : "ab17fc5a4eb3bca4b216b548c7f9fcbc",
  "name" : "timeline",
  "children" : [ {
    "name" : "qiquan",
    "children" : [ {
      "name" : "984-MainThread",
      "children" : [ {
        "name" : "test_02",
        "uid" : "bc46d5380e8d14b2",
        "parentUid" : "49465692c0e46c460a4e8421625f8061",
        "status" : "failed",
        "time" : {
          "start" : 1632825053222,
          "stop" : 1632825053222,
          "duration" : 0
        },
        "flaky" : false,
        "newFailed" : false,
        "parameters" : [ ]
      }, {
        "name" : "test_01[1.0-D:\\pythonProject\\pcclient_UI\\testData\\pageData\\acqMain_Page_Data.yaml-D:\\pythonProject\\pcclient_UI\\testData\\pageData\\loginData.yaml-D:\\pythonProject\\pcclient_UI\\testData\\inputData\\login_input_data-Aquarium.Ecg.Client.Shell.exe-D:/NLEMR/RestingECG-D:\\pythonProject\\pcclient_UI\\testFile\\screenshot\\申请诊断成功.png]",
        "uid" : "66bc3a7d1754adc7",
        "parentUid" : "49465692c0e46c460a4e8421625f8061",
        "status" : "passed",
        "time" : {
          "start" : 1632824997670,
          "stop" : 1632825053216,
          "duration" : 55546
        },
        "flaky" : false,
        "newFailed" : false,
        "parameters" : [ "'D:\\pythonProject\\pcclient_UI\\testFile\\screenshot\\申请诊断成功.png'", "1.0", "'Aquarium.Ecg.Client.Shell.exe'", "'D:/NLEMR/RestingECG'", "'D:\\pythonProject\\pcclient_UI\\testData\\pageData\\acqMain_Page_Data.yaml'", "'D:\\pythonProject\\pcclient_UI\\testData\\inputData\\login_input_data'", "'D:\\pythonProject\\pcclient_UI\\testData\\pageData\\loginData.yaml'" ]
      } ],
      "uid" : "49465692c0e46c460a4e8421625f8061"
    } ],
    "uid" : "75a3010a36359579315f3a3463feef9d"
  } ]
}